path,primaryKeyword,secondaryKeywords,intent,schema,h1
/,Ethiopia tours,bespoke Ethiopia tours; private Ethiopia tours; Lalibela tours; Omo Valley tours,commercial,WebPage,Bespoke Ethiopia Tours
/ethiopias-popular-destinations,Ethiopia destinations,Ethiopia travel guide; Lalibela; Omo Valley; Danakil Depression,commercial,WebPage,Ethiopia Destinations
/tours-by-experience,private Ethiopia tours,custom Ethiopia tours; Ethiopia itinerary; Ethiopia tour packages,commercial,WebPage,Private Ethiopia Tours
/ethiopia-travel-guide,Ethiopia travel guide,Ethiopia travel tips; Ethiopia safety; Ethiopia visa,commercial,WebPage,Ethiopia Travel Guide
/ethiopia-wildlife/endemic-species,Ethiopia wildlife,Ethiopia endemic species; Ethiopian wolf; gelada monkey; Walia ibex,commercial,WebPage,Ethiopia Wildlife Guide
/about-us,Sawla Tours,Ethiopia tour operator; Addis Ababa travel company; local Ethiopia specialists,commercial,WebPage,About Sawla Tours
/why-travel-with-sawla-tours,why Sawla Tours,best Ethiopia tour operator; private Ethiopia tours; Ethiopia travel specialists,commercial,WebPage,Why Travel with Sawla
/how-we-work,plan Ethiopia trip,Ethiopia trip planning; custom Ethiopia itinerary; Ethiopia travel specialist,commercial,WebPage,How We Plan Ethiopia Trips
/meet-our-travel-specialists,Ethiopia travel specialists,Ethiopia trip planners; Addis Ababa tour experts; private Ethiopia tours,commercial,WebPage,Ethiopia Travel Specialists
/meet-our-guides,Ethiopia private guides,Ethiopia tour guides; Lalibela guide; Omo Valley guide,commercial,WebPage,Ethiopia Private Guides
/meet-our-drivers,Ethiopia drivers,Ethiopia 4x4 driver; private driver Ethiopia; Ethiopia road travel,commercial,WebPage,Ethiopia Driver Guides
/mobile-tented-camps-ethiopia,mobile tented camps Ethiopia,Ethiopia expedition camps; Omo Valley mobile camp; Danakil camp,commercial,WebPage,Mobile Tented Camps Ethiopia
/responsible-travel,responsible travel Ethiopia,ethical Ethiopia tours; Omo Valley ethical travel; conservation Ethiopia,commercial,WebPage,Responsible Travel Ethiopia
/faq,Ethiopia travel FAQ,Ethiopia travel questions; Ethiopia safety; Ethiopia visa,commercial,WebPage,Ethiopia Travel FAQ
/sawla-moments,Ethiopia travel stories,Ethiopia travel blog; Sawla Moments; Ethiopia wildlife stories,commercial,WebPage,Ethiopia Travel Stories
/testimonials,Sawla Tours reviews,Ethiopia tour reviews; Ethiopia travel testimonials; private Ethiopia tours,commercial,WebPage,Sawla Tours Reviews
/sawla-foundation,Sawla Foundation,responsible travel Ethiopia; Ethiopia community tourism; ethical Ethiopia tours,commercial,WebPage,Sawla Foundation
/trip-finder,Ethiopia trip finder,plan Ethiopia tour; private Ethiopia itinerary; custom Ethiopia tour,commercial,WebPage,Find Your Ethiopia Trip
/ethiopias-popular-destinations/lalibela,Lalibela Ethiopia,Lalibela tours; Lalibela travel guide; Northern Ethiopia Ethiopia travel,commercial,TouristDestination,Lalibela
/ethiopias-popular-destinations/simien-mountains,Simien Mountains Ethiopia,Simien Mountains tours; Simien Mountains travel guide; Northern Ethiopia Ethiopia travel,commercial,TouristDestination,Simien Mountains
/ethiopias-popular-destinations/danakil-depression,Danakil Depression Ethiopia,Danakil Depression tours; Danakil Depression travel guide; Afar Region Ethiopia travel,commercial,TouristDestination,Danakil Depression
/ethiopias-popular-destinations/omo-valley,Omo Valley Ethiopia,Omo Valley tours; Omo Valley travel guide; Southern Ethiopia Ethiopia travel,commercial,TouristDestination,Omo Valley
/ethiopias-popular-destinations/bale-mountains,Bale Mountains Ethiopia,Bale Mountains tours; Bale Mountains travel guide; Southern Ethiopia Ethiopia travel,commercial,TouristDestination,Bale Mountains
/ethiopias-popular-destinations/gondar,Gondar Ethiopia,Gondar tours; Gondar travel guide; Northern Ethiopia Ethiopia travel,commercial,TouristDestination,Gondar
/ethiopias-popular-destinations/axum,Axum Ethiopia,Axum tours; Axum travel guide; Northern Ethiopia Ethiopia travel,commercial,TouristDestination,Axum
/ethiopias-popular-destinations/harar,Harar Ethiopia,Harar tours; Harar travel guide; Eastern Ethiopia Ethiopia travel,commercial,TouristDestination,Harar
/ethiopias-popular-destinations/tigray,Tigray Ethiopia,Tigray tours; Tigray travel guide; Northern Ethiopia Ethiopia travel,commercial,TouristDestination,Tigray
/ethiopias-popular-destinations/lake-tana,Lake Tana Ethiopia,Lake Tana tours; Lake Tana travel guide; Amhara Region Ethiopia travel,commercial,TouristDestination,Lake Tana
/ethiopias-popular-destinations/addis-ababa,Addis Ababa Ethiopia,Addis Ababa tours; Addis Ababa travel guide; Central Ethiopia Ethiopia travel,commercial,TouristDestination,Addis Ababa
/ethiopias-popular-destinations/awash-national-park,Awash National Park Ethiopia,Awash National Park tours; Awash National Park travel guide; Afar Region Ethiopia travel,commercial,TouristDestination,Awash National Park
/ethiopias-popular-destinations/kaffa,Kaffa Ethiopia,Kaffa tours; Kaffa travel guide; Southern Ethiopia Ethiopia travel,commercial,TouristDestination,Kaffa
/ethiopias-popular-destinations/gambella,Gambella Ethiopia,Gambella tours; Gambella travel guide; Western Ethiopia Ethiopia travel,commercial,TouristDestination,Gambella
/ethiopias-popular-destinations/harenna-forest,Harenna Forest Ethiopia,Harenna Forest tours; Harenna Forest travel guide; Southern Ethiopia (Bale Mountains) Ethiopia travel,commercial,TouristDestination,Harenna Forest
/ethiopias-popular-destinations/guassa-plateau,Guassa Plateau Ethiopia,Guassa Plateau tours; Guassa Plateau travel guide; Central Highlands Ethiopia travel,commercial,TouristDestination,Guassa Plateau
/tours-by-experience/heritage-pilgrimage,Historic & Cultural Ethiopia,Ethiopia private tours; Ethiopia itinerary; custom Ethiopia tours,commercial,CollectionPage,Historic & Cultural Ethiopia
/tours-by-experience/tribal-encounters,Omo Valley Cultural Journeys,Ethiopia private tours; Ethiopia itinerary; custom Ethiopia tours,commercial,CollectionPage,Omo Valley Cultural Journeys
/tours-by-experience/frontier-adventure,Danakil & Frontier Expeditions,Ethiopia private tours; Ethiopia itinerary; custom Ethiopia tours,commercial,CollectionPage,Danakil & Frontier Expeditions
/tours-by-experience/wildlife-birding,Wildlife & Birding Tours,Ethiopia private tours; Ethiopia itinerary; custom Ethiopia tours,commercial,CollectionPage,Wildlife & Birding Tours
/tours-by-experience/festival-immersion,Festival & Faith Immersion,Ethiopia private tours; Ethiopia itinerary; custom Ethiopia tours,commercial,CollectionPage,Festival & Faith Immersion
/tours-by-experience/cinematic-journey,Photography & Cinematic Journeys,Ethiopia private tours; Ethiopia itinerary; custom Ethiopia tours,commercial,CollectionPage,Photography & Cinematic Journeys
/tours-by-experience/heritage-pilgrimage/footsteps-history-ethiopia-8-days,Footsteps of History — Ethiopia's Heritage Tour,Ethiopia private tour; Ethiopia tailor made tour; heritage pilgrimage Ethiopia,commercial,TouristTrip,Footsteps of History — Ethiopia's Heritage Tour
/tours-by-experience/heritage-pilgrimage/ethiopian-splendors-classic-northern-11-days,Ethiopian Splendors — Classic Northern Circuit,Ethiopia private tour; Ethiopia tailor made tour; heritage pilgrimage Ethiopia,commercial,TouristTrip,Ethiopian Splendors — Classic Northern Circuit
/tours-by-experience/heritage-pilgrimage/ancient-wonders-scenic-marvels-12-days,Ancient Wonders & Scenic Marvels,Ethiopia private tour; Ethiopia tailor made tour; heritage pilgrimage Ethiopia,commercial,TouristTrip,Ancient Wonders & Scenic Marvels
/tours-by-experience/heritage-pilgrimage/lost-in-time-grand-historic-loop-13-days,Lost in Time — Grand Historic Loop,Ethiopia private tour; Ethiopia tailor made tour; heritage pilgrimage Ethiopia,commercial,TouristTrip,Lost in Time — Grand Historic Loop
/tours-by-experience/tribal-encounters/colors-omo-valley-8-days,Colors of the Omo Valley,Ethiopia private tour; Ethiopia tailor made tour; tribal encounters Ethiopia,commercial,TouristTrip,Colors of the Omo Valley
/tours-by-experience/tribal-encounters/ethiopia-tribal-culture-11-days,Ethiopia Tribal Culture,Ethiopia private tour; Ethiopia tailor made tour; tribal encounters Ethiopia,commercial,TouristTrip,Ethiopia Tribal Culture
/tours-by-experience/tribal-encounters/ultimate-cultural-expedition-omo-suri-13-days,Ultimate Cultural Expedition — Omo Valley & Suri,Ethiopia private tour; Ethiopia tailor made tour; tribal encounters Ethiopia,commercial,TouristTrip,Ultimate Cultural Expedition — Omo Valley & Suri
/tours-by-experience/festival-immersion/timkat-festival-tour-8-days,Timkat Festival Tour,Ethiopia private tour; Ethiopia tailor made tour; festival immersion Ethiopia,commercial,TouristTrip,Timkat Festival Tour
/tours-by-experience/festival-immersion/meskel-true-cross-9-days,Meskel — Finding of the True Cross,Ethiopia private tour; Ethiopia tailor made tour; festival immersion Ethiopia,commercial,TouristTrip,Meskel — Finding of the True Cross
/tours-by-experience/festival-immersion/genna-ethiopian-christmas-9-days,Genna — Ethiopian Christmas,Ethiopia private tour; Ethiopia tailor made tour; festival immersion Ethiopia,commercial,TouristTrip,Genna — Ethiopian Christmas
/tours-by-experience/festival-immersion/axum-pilgrimages-7-days,Axum Pilgrimages — Hidar Tsion & Hosanna,Ethiopia private tour; Ethiopia tailor made tour; festival immersion Ethiopia,commercial,TouristTrip,Axum Pilgrimages — Hidar Tsion & Hosanna
/tours-by-experience/wildlife-birding/ethiopian-wolf-bale-mountains-10-days,In Search of the Ethiopian Wolf,Ethiopia private tour; Ethiopia tailor made tour; wildlife birding Ethiopia,commercial,TouristTrip,In Search of the Ethiopian Wolf
/tours-by-experience/wildlife-birding/simien-wildlife-trek-10-days,Simien Mountains Wildlife Trek,Ethiopia private tour; Ethiopia tailor made tour; wildlife birding Ethiopia,commercial,TouristTrip,Simien Mountains Wildlife Trek
/tours-by-experience/wildlife-birding/endemic-birding-ethiopia-13-days,Ethiopia Endemic Birding Expedition,Ethiopia private tour; Ethiopia tailor made tour; wildlife birding Ethiopia,commercial,TouristTrip,Ethiopia Endemic Birding Expedition
/tours-by-experience/wildlife-birding/ethiopia-wildlife-expedition-13-days,Ethiopia Wildlife Expedition,Ethiopia private tour; Ethiopia tailor made tour; wildlife birding Ethiopia,commercial,TouristTrip,Ethiopia Wildlife Expedition
/tours-by-experience/frontier-adventure/danakil-depression-erta-ale-7-days,Danakil Depression & Erta Ale Lava Lake,Ethiopia private tour; Ethiopia tailor made tour; frontier adventure Ethiopia,commercial,TouristTrip,Danakil Depression & Erta Ale Lava Lake
/tours-by-experience/frontier-adventure/danakil-simien-frontier-12-days,Danakil & Simien — Ethiopia's Extreme Landscapes,Ethiopia private tour; Ethiopia tailor made tour; frontier adventure Ethiopia,commercial,TouristTrip,Danakil & Simien — Ethiopia's Extreme Landscapes
/tours-by-experience/frontier-adventure/great-gambella-migration-6-days,The Great Gambella Migration,Ethiopia private tour; Ethiopia tailor made tour; frontier adventure Ethiopia,commercial,TouristTrip,The Great Gambella Migration
/tours-by-experience/frontier-adventure/eastern-predators-hyena-men-9-days,Eastern Predators & the Hyena Men,Ethiopia private tour; Ethiopia tailor made tour; frontier adventure Ethiopia,commercial,TouristTrip,Eastern Predators & the Hyena Men
/tours-by-experience/heritage-pilgrimage/addis-ababa-masterclass-full-day,Addis Ababa Masterclass — Full Day City Tour,Ethiopia private tour; Ethiopia tailor made tour; heritage pilgrimage Ethiopia,commercial,TouristTrip,Addis Ababa Masterclass — Full Day City Tour
/tours-by-experience/frontier-adventure/wonchi-volcanic-lake-day-trip,Wonchi Volcanic Lake — Day Trip from Addis,Ethiopia private tour; Ethiopia tailor made tour; frontier adventure Ethiopia,commercial,TouristTrip,Wonchi Volcanic Lake — Day Trip from Addis
/tours-by-experience/wildlife-birding/lake-langano-lephis-forest-3-days,Lake Langano & Lephis Forest,Ethiopia private tour; Ethiopia tailor made tour; wildlife birding Ethiopia,commercial,TouristTrip,Lake Langano & Lephis Forest
/tours-by-experience/heritage-pilgrimage/lalibela-express-2-days,Lalibela Express,Ethiopia private tour; Ethiopia tailor made tour; heritage pilgrimage Ethiopia,commercial,TouristTrip,Lalibela Express
/tours-by-experience/frontier-adventure/geological-wonders-ethiopia-14-days,Geological Wonders of Ethiopia,Ethiopia private tour; Ethiopia tailor made tour; frontier adventure Ethiopia,commercial,TouristTrip,Geological Wonders of Ethiopia
/tours-by-experience/heritage-pilgrimage/spice-fire-culinary-ethiopia-8-days,Spice & Fire — Ethiopian Culinary Journey,Ethiopia private tour; Ethiopia tailor made tour; heritage pilgrimage Ethiopia,commercial,TouristTrip,Spice & Fire — Ethiopian Culinary Journey
/tours-by-experience/cinematic-journey/northern-ethiopia-photography-10-days,Northern Ethiopia Photography Journey,Ethiopia private tour; Ethiopia tailor made tour; cinematic journey Ethiopia,commercial,TouristTrip,Northern Ethiopia Photography Journey
/tours-by-experience/cinematic-journey/omo-valley-photography-expedition-9-days,Omo Valley Photography Expedition,Ethiopia private tour; Ethiopia tailor made tour; cinematic journey Ethiopia,commercial,TouristTrip,Omo Valley Photography Expedition
/tours-by-experience/cinematic-journey/gelada-photography-simien-3-days,Gelada Photography Short Safari,Ethiopia private tour; Ethiopia tailor made tour; cinematic journey Ethiopia,commercial,TouristTrip,Gelada Photography Short Safari
/tours-by-experience/cinematic-journey/sawla-films-cinematic-ethiopia-12-days,Cinematic Ethiopia by Sawla Films,Ethiopia private tour; Ethiopia tailor made tour; cinematic journey Ethiopia,commercial,TouristTrip,Cinematic Ethiopia by Sawla Films
/tours-by-experience/heritage-pilgrimage/kaffa-coffee-origin-journey-7-days,Kaffa Coffee Origin Journey,Ethiopia private tour; Ethiopia tailor made tour; heritage pilgrimage Ethiopia,commercial,TouristTrip,Kaffa Coffee Origin Journey
/tours-by-experience/heritage-pilgrimage/ethiopia-family-cultural-journey-10-days,Ethiopia Family Cultural Journey,Ethiopia private tour; Ethiopia tailor made tour; heritage pilgrimage Ethiopia,commercial,TouristTrip,Ethiopia Family Cultural Journey
/tours-by-experience/wildlife-birding/bale-mountains-birding-wildlife-8-days,Bale Mountains Birding & Wildlife Focus,Ethiopia private tour; Ethiopia tailor made tour; wildlife birding Ethiopia,commercial,TouristTrip,Bale Mountains Birding & Wildlife Focus
/tours-by-experience/wildlife-birding/awash-aledeghi-wildlife-6-days,Awash & Aledeghi Wildlife Circuit,Ethiopia private tour; Ethiopia tailor made tour; wildlife birding Ethiopia,commercial,TouristTrip,Awash & Aledeghi Wildlife Circuit
/tours-by-experience/festival-immersion/meskel-and-lalibela-heritage-10-days,Meskel & Lalibela Heritage Journey,Ethiopia private tour; Ethiopia tailor made tour; festival immersion Ethiopia,commercial,TouristTrip,Meskel & Lalibela Heritage Journey
/tours-by-experience/frontier-adventure/tigray-community-trekking-8-days,Tigray Community Trekking & Rock Churches,Ethiopia private tour; Ethiopia tailor made tour; frontier adventure Ethiopia,commercial,TouristTrip,Tigray Community Trekking & Rock Churches
/tours-by-experience/heritage-pilgrimage/luxury-ethiopia-signature-14-days,Signature Ethiopia Private Journey,Ethiopia private tour; Ethiopia tailor made tour; heritage pilgrimage Ethiopia,commercial,TouristTrip,Signature Ethiopia Private Journey
/ethiopia-travel-guide/when-to-visit-ethiopia,When to Visit Ethiopia — The Complete Month-by-Month Guide,Ethiopia travel guide; Planning Ethiopia; Ethiopia travel planning,informational,Article,When to Visit Ethiopia — The Complete Month-by-Month Guide
/ethiopia-travel-guide/ethiopia-visa-requirements,Ethiopia Visa Requirements — Complete 2026 Guide,Ethiopia travel guide; Practical Ethiopia; Ethiopia travel planning,informational,Article,Ethiopia Visa Requirements — Complete 2026 Guide
/ethiopia-travel-guide/health-safety-ethiopia,Health & Safety in Ethiopia — Complete Guide,Ethiopia travel guide; Practical Ethiopia; Ethiopia travel planning,informational,Article,Health & Safety in Ethiopia — Complete Guide
/ethiopia-travel-guide/ethiopia-packing-list,What to Pack for Ethiopia — The Complete List,Ethiopia travel guide; Planning Ethiopia; Ethiopia travel planning,informational,Article,What to Pack for Ethiopia — The Complete List
/ethiopia-travel-guide/ethiopia-photography-guide,"Ethiopia Photography Guide — Tips, Ethics & Practicalities",Ethiopia travel guide; Photography & Gear Ethiopia; Ethiopia travel planning,informational,Article,"Ethiopia Photography Guide — Tips, Ethics & Practicalities"
/ethiopia-travel-guide/ethiopia-culture-etiquette,Ethiopian Culture & Etiquette — What Every Visitor Should Know,Ethiopia travel guide; Culture Ethiopia; Ethiopia travel planning,informational,Article,Ethiopian Culture & Etiquette — What Every Visitor Should Know
/ethiopia-travel-guide/ethiopia-birding-guide,"Ethiopia Birding Guide — 850+ Species, 18 Endemics",Ethiopia travel guide; Planning Ethiopia; Ethiopia travel planning,informational,Article,"Ethiopia Birding Guide — 850+ Species, 18 Endemics"
/ethiopia-travel-guide/how-to-plan-your-trip,How to Plan an Ethiopia Trip — The Complete Guide,Ethiopia travel guide; Planning Ethiopia; Ethiopia travel planning,informational,Article,How to Plan an Ethiopia Trip — The Complete Guide
/ethiopia-travel-guide/ethiopia-cost-guide,How Much Does an Ethiopia Tour Cost?,Ethiopia travel guide; Planning Ethiopia; Ethiopia travel planning,informational,Article,How Much Does an Ethiopia Tour Cost?
/ethiopia-travel-guide/ethiopia-accommodation-guide,Ethiopia Accommodation Guide — From Guesthouses to Lodges,Ethiopia travel guide; Planning Ethiopia; Ethiopia travel planning,informational,Article,Ethiopia Accommodation Guide — From Guesthouses to Lodges
/ethiopia-travel-guide/ethiopia-food-guide,Ethiopian Food & Drink Guide,Ethiopia travel guide; Culture Ethiopia; Ethiopia travel planning,informational,Article,Ethiopian Food & Drink Guide
/ethiopia-travel-guide/ethiopia-mobile-connectivity,"Mobile, Internet & Connectivity in Ethiopia",Ethiopia travel guide; Planning Ethiopia; Ethiopia travel planning,informational,Article,"Mobile, Internet & Connectivity in Ethiopia"
/ethiopia-travel-guide/responsible-travel-ethiopia,Responsible Travel in Ethiopia — Our Commitments,Ethiopia travel guide; Planning Ethiopia; Ethiopia travel planning,informational,Article,Responsible Travel in Ethiopia — Our Commitments
/ethiopia-travel-guide/ethiopia-travel-budget,Ethiopia Travel Budget Guide — What Everything Costs,Ethiopia travel guide; Planning Ethiopia; Ethiopia travel planning,informational,Article,Ethiopia Travel Budget Guide — What Everything Costs
/ethiopia-wildlife/ethiopian-wolf,Ethiopian Wolf Ethiopia,; Ethiopia wildlife guide; Ethiopia endemic species; Special interest,informational,Article,Ethiopian Wolf
/ethiopia-wildlife/gelada-baboon,Gelada Baboon Ethiopia,; Ethiopia wildlife guide; Ethiopia endemic species; Special interest,informational,Article,Gelada Baboon
/ethiopia-wildlife/walia-ibex,Walia Ibex Ethiopia,; Ethiopia wildlife guide; Ethiopia endemic species; Special interest,informational,Article,Walia Ibex
/ethiopia-wildlife/mountain-nyala,Mountain Nyala Ethiopia,; Ethiopia wildlife guide; Ethiopia endemic species; Special interest,informational,Article,Mountain Nyala
/ethiopia-wildlife/bale-monkey,Bale Monkey Ethiopia,; Ethiopia wildlife guide; Ethiopia endemic species; Special interest,informational,Article,Bale Monkey
/ethiopia-wildlife/starks-hare,Stark's Hare Ethiopia,; Ethiopia wildlife guide; Ethiopia endemic species; Special interest,informational,Article,Stark's Hare
/ethiopia-wildlife/ethiopian-hedgehog,Ethiopian Hedgehog Ethiopia,; Ethiopia wildlife guide; Ethiopia endemic species; Special interest,informational,Article,Ethiopian Hedgehog
/ethiopia-wildlife/swaynes-hartebeest,Swayne's Hartebeest Ethiopia,; Ethiopia wildlife guide; Ethiopia endemic species; Special interest,informational,Article,Swayne's Hartebeest
/ethiopia-wildlife/wild-ass,African Wild Ass Ethiopia,; Ethiopia wildlife guide; Ethiopia endemic species; Special interest,informational,Article,African Wild Ass
/ethiopia-wildlife/abyssinian-lion,Abyssinian Lion Ethiopia,; Ethiopia wildlife guide; Ethiopia endemic species; Special interest,informational,Article,Abyssinian Lion
/ethiopia-wildlife/giant-mole-rat,Giant Mole Rat Ethiopia,; Ethiopia wildlife guide; Ethiopia endemic species; Special interest,informational,Article,Giant Mole Rat
/ethiopia-wildlife/gelada-guassa,Guassa Gelada Population Ethiopia,; Ethiopia wildlife guide; Ethiopia endemic species; Special interest,informational,Article,Guassa Gelada Population
/ethiopia-wildlife/abyssinian-ground-hornbill,Abyssinian Ground Hornbill Ethiopia,Bucorvus abyssinicus; Ethiopia wildlife guide; Ethiopia endemic species; Vulnerable,informational,Article,Abyssinian Ground Hornbill
/sawla-moments/gelada-monkey-simien-mountains,Watching 800 gelada monkeys wake up on the Simien escarpment,Ethiopia travel stories; Wildlife Ethiopia; Sawla Moments,informational,Article,Watching 800 gelada monkeys wake up on the Simien escarpment
/sawla-moments/why-ethiopia-not-safari-destination,Why Ethiopia is not a safari destination — and why that is the point,Ethiopia travel stories; Perspective Ethiopia; Sawla Moments,informational,Article,Why Ethiopia is not a safari destination — and why that is the point
/sawla-moments/how-we-plan-custom-ethiopia-journey,How we plan a custom Ethiopia journey from one real conversation,Ethiopia travel stories; Behind the Journey Ethiopia; Sawla Moments,informational,Article,How we plan a custom Ethiopia journey from one real conversation
